{
  "59:2": {
    "ideal_set": [
      5,
      6
    ],
    "ideal_dist": 0.8194318527799943
  },
  "59:3": {
    "ideal_set": [
      7,
      9,
      10
    ],
    "ideal_dist": 1.5529890975727199
  },
  "89:2": {
    "ideal_set": [
      5,
      8
    ],
    "ideal_dist": 0.658710923883738
  },
  "89:3": {
    "ideal_set": [
      1,
      5,
      24
    ],
    "ideal_dist": 1.4140559748504613
  },
  "89:4": {
    "ideal_set": [
      5,
      6,
      13,
      40
    ],
    "ideal_dist": 1.993991273196194
  },
  "97:2": {
    "ideal_set": [
      1,
      29
    ],
    "ideal_dist": 0.6397724020299189
  },
  "97:3": {
    "ideal_set": [
      3,
      11,
      21
    ],
    "ideal_dist": 1.3828351429588894
  },
  "97:4": {
    "ideal_set": [
      14,
      17,
      21,
      23
    ],
    "ideal_dist": 1.9568025381456002
  },
  "101:2": {
    "ideal_set": [
      3,
      11
    ],
    "ideal_dist": 0.6398544177381038
  },
  "101:3": {
    "ideal_set": [
      5,
      9,
      21
    ],
    "ideal_dist": 1.3322476018798186
  },
  "101:4": {
    "ideal_set": [
      5,
      19,
      22,
      45
    ],
    "ideal_dist": 1.9608480042151764
  },
  "101:5": {
    "ideal_set": [
      9,
      16,
      19,
      31,
      36
    ],
    "ideal_dist": 2.4066510203433245
  },
  "103:2": {
    "ideal_set": [
      1,
      12
    ],
    "ideal_dist": 0.6214779407424244
  },
  "103:3": {
    "ideal_set": [
      4,
      10,
      21
    ],
    "ideal_dist": 1.3374289248553946
  },
  "103:4": {
    "ideal_set": [
      1,
      10,
      15,
      33
    ],
    "ideal_dist": 1.937376735365106
  },
  "103:5": {
    "ideal_set": [
      8,
      10,
      23,
      24,
      27
    ],
    "ideal_dist": 2.4240982047649817
  },
  "107:2": {
    "ideal_set": [
      1,
      11
    ],
    "ideal_dist": 0.604961314876982
  },
  "107:3": {
    "ideal_set": [
      2,
      10,
      23
    ],
    "ideal_dist": 1.3456411095964846
  },
  "107:4": {
    "ideal_set": [
      5,
      6,
      9,
      40
    ],
    "ideal_dist": 1.9318721037744144
  },
  "109:2": {
    "ideal_set": [
      7,
      8
    ],
    "ideal_dist": 0.6078974524770128
  },
  "109:3": {
    "ideal_set": [
      3,
      5,
      25
    ],
    "ideal_dist": 1.3573008276957514
  },
  "109:4": {
    "ideal_set": [
      2,
      5,
      22,
      33
    ],
    "ideal_dist": 1.943101622014181
  },
  "113:2": {
    "ideal_set": [
      3,
      20
    ],
    "ideal_dist": 0.6123206088209384
  },
  "113:3": {
    "ideal_set": [
      4,
      9,
      37
    ],
    "ideal_dist": 1.2997098827162985
  },
  "113:4": {
    "ideal_set": [
      3,
      11,
      15,
      50
    ],
    "ideal_dist": 1.941214101466592
  },
  "127:2": {
    "ideal_set": [
      2,
      21
    ],
    "ideal_dist": 0.5870940972439664
  },
  "127:3": {
    "ideal_set": [
      1,
      6,
      28
    ],
    "ideal_dist": 1.2654903127397716
  },
  "127:4": {
    "ideal_set": [
      1,
      15,
      22,
      33
    ],
    "ideal_dist": 1.8664654797548808
  },
  "127:5": {
    "ideal_set": [
      11,
      18,
      19,
      24,
      39
    ],
    "ideal_dist": 2.354550825352672
  }
}